Kolhapur,कोल्हापुर
Port Blair,पोर्ट ब्लेयर
Adilabad,आदिलाबाद
Adoni,अदोनी
Amadalavalasa,अमुदलवलासा
Amalapuram,अमलापुरम
Anakapalle,अनकापल्ली
Anantapur,अनंतपुर
Badepalle,Badepalle
Banganapalle,बंगानापल्ले
Bapatla,बापतला
Bellampalle,Bellampalle
Bethamcherla,Bethamcherla
Bhadrachalam,भद्राचलम
Bhainsa,Bhainsa
Bheemunipatnam,Bheemunipatnam
Bhimavaram,भीमावरम
Bhongir,भोंगीर
Bobbili,बोब्बिली
Bodhan,बोधन
Chilakaluripet,Chilakaluripet
Chirala,चिराला
Chittoor,चित्तूर
Cuddapah,कडप्पा
Devarakonda,Devarakonda
Dharmavaram,धर्मावरम
Eluru,एलुरु
Farooqnagar,शादनगर
Gadwal,गडवाल
Gooty,गूटी
Gudivada,गुडिवाडा
Gudur,गुडूर
Guntakal,गुंतकल
Guntur,गुंटूर
Hanuman Junction,हनुमान जंक्शन
Hindupur,हिन्दुपुर
Hyderabad,हैदराबाद
Ichchapuram,Ichchapuram
Jaggaiahpet,Jaggaiahpet
Jagtial,Jagtial
Jammalamadugu,Jammalamadugu
Jangaon,जनगांव
Kadapa,कडपा
Kadiri,कादिरी
Kagaznagar,Kagaznagar
Kakinada,काकीनाडा
Kalyandurg,कल्याण
Kamareddy,Kamareddy
Kandukur,Kandukur
Karimnagar,करीमनगर
Kavali,कवाली
Khammam,खम्मम
Koratla,कोराटला
Kothagudem,कोठागुडम
Kothapeta,Kothapeta
Kovvur,कोव्वुर
Kurnool,कुरनूल
Kyathampalle,Kyathampalle
Macherla,Macherla
Machilipatnam,मछलीपट्टनम
Madanapalle,मदनपल्ली
Mahbubnagar,महबूबनगर
Mancherial,Mancherial
Mandamarri,Mandamarri
Mandapeta,मंडपेटा
Manuguru,मनुगुरु
Markapur,मरकापुर
Medak,मेडक
Miryalaguda,मिर्यालागुदा
Mogalthur,मोगल्थुर
Nagari,नागरी
Nagarkurnool,नगरकुरनूल
Nandyal,नांदयाल
Narasapur,Narasapur
Narasaraopet,Narasaraopet
Narayanpet,नारायणपेट
Narsipatnam,Narsipatnam
Nellore,नेल्लोर
Nidadavole,निदादावोले
Nirmal,निर्मल
Nizamabad,निजामाबाद
Nuzvid,नुज्विद
Ongole,ओंगोल
Palacole,Palacole
Palasa Kasibugga,पलासा Kasibugga
Palwancha,Palwancha
Parvathipuram,पार्वतीपुरम
Pedana,Pedana
Peddapuram,पेद्दापुरम
Pithapuram,पीथापुरम
Pondur,Pondur
Ponnur,Ponnur
Proddatur,प्रोद्दातुर
Punganur,पुंगनूर
Puttur,पुत्तूर
Rajahmundry,राजमुंदरी
Rajam,Rajam
Ramachandrapuram,रामचंद्रपुरम
Ramagundam,रामगुंडम
Rayachoti,रायचोटी
Rayadurg,Rayadurg
Renigunta,रेनीगुंटा
Repalle,रेपल्ले
Sadasivpet,Sadasivpet
Salur,Salur
Samalkot,समालकोट
Sangareddy,संगारेड्डी
Sattenapalle,सत्तेनापल्ली
Siddipet,सिद्दीपेट
Singapur,सिंगापुर
Sircilla,sircilla
Srikakulam,श्रीकाकुलम
Srikalahasti,श्रीकालाहस्ती
Suryapet,सूर्यापेट
Tadepalligudem,ताडेपल्लीगुडेम
Tadpatri,Tadpatri
Tandur,Tandur
Tanuku,टनुकु
Tenali,तेनाली
Tirupati,तिरुपति
Tuni,तुनि
Uravakonda,Uravakonda
Venkatagiri,वेंकटगिरी
Vicarabad,Vicarabad
Vijayawada,विजयवाड़ा
Vinukonda,विनुकोंडा
Visakhapatnam,विशाखापत्तनम
Vizianagaram,विजयनगरम
Wanaparthy,Wanaparthy
Warangal,वारंगल
Yellandu,Yellandu
Yemmiganur,Yemmiganur
Yerraguntla,येरागुंटला
Zahirabad,Zahirabad
Rajampet,राजमपेट
Along,साथ में
Bomdila,बोमडिला
Itanagar,ईटानगर
Naharlagun,नाहरलगुन
Pasighat,पासीघाट
Abhayapuri,Abhayapuri
Amguri,Amguri
Anandnagaar,Anandnagaar
Barpeta,बारपेटा
Barpeta Road,बारपेटा रोड
Bilasipara,Bilasipara
Bongaigaon,बोंगईगांव
Dhekiajuli,Dhekiajuli
Dhubri,धुबरी
Dibrugarh,डिब्रूगढ़
Digboi,डिगबोई
Diphu,दिफू
Dispur,दिसपुर
Gauripur,Gauripur
Goalpara,गोलपाड़ा
Golaghat,गोलाघाट
Guwahati,गुवाहाटी
Haflong,हाफलोंग
Hailakandi,हैलाकांडी
Hojai,Hojai
Jorhat,जोरहाट
Karimganj,करीमगंज
Kokrajhar,कोकराझार
Lanka,लंका
Lumding,लुमडिंग
Mangaldoi,मंगलदोई
Mankachar,Mankachar
Margherita,मार्गेरिटा
Mariani,मरिअनी
Marigaon,Marigaon
Nagaon,नगांव
Nalbari,नलबाड़ी
North Lakhimpur,उत्तर लखीमपुर
Rangia,रंगिया
Sibsagar,शिवसागर
Silapathar,Silapathar
Silchar,सिलचर
Tezpur,तेजपुर
Tinsukia,तिनसुकिया
Amarpur,अमरपुर
Araria,अररिया
Areraj,अरेराज
Arrah,आरा
Asarganj,Asarganj
Aurangabad,औरंगाबाद
Bagaha,बगहा
Bahadurganj,बहादुरगंज
Bairgania,Bairgania
Bakhtiarpur,बख्तियारपुर
Banka,बांका
Banmankhi Bazar,बनमनखी बाजार
Barahiya,बड़हिया प्रखण्ड
Barauli,बरौली
Barbigha,Barbigha
Barh,बाढ़
Begusarai,बेगूसराय
Behea,Behea
Bettiah,बेतिया
Bhabua,भभुआ
Bhagalpur,भागलपुर
Bihar Sharif,बिहार शरीफ
Bikramganj,Bikramganj
Bodh Gaya,बोधगया
Buxar,बक्सर
Chandan Bara,चंदन बारा
Chanpatia,Chanpatia
Chhapra,छपरा
Colgong,Colgong
Dalsinghsarai,Dalsinghsarai
Darbhanga,दरभंगा
Daudnagar,दौडनगर
Dehri-on-Sone,डेहरी-ऑन-सोन
Dhaka,ढाका
Dighwara,Dighwara
Dumraon,दुमरांव
Fatwah,Fatwah
Forbesganj,फोर्बेस्गंज
Gaya,गया
Gogri Jamalpur,Gogri जमालपुर
Gopalganj,गोपालगंज
Hajipur,हाजीपुर
Hilsa,हिलसा
Hisua,हिसुआ
Islampur,इस्लामपुर
Jagdispur,जगदीशपुर
Jamalpur,जमालपुर
Jamui,जमुई
Jehanabad,जहानाबाद
Jhajha,झाझा
Jhanjharpur,झंझारपुर
Jogabani,Jogabani
Kanti,कांति
Katihar,कटिहार
Khagaria,खगरिया
Kharagpur,खड़गपुर
Kishanganj,किशनगंज
Lakhisarai,लखीसराय
Lalganj,लालगंज
Madhepura,मधेपुरा
Madhubani,मधुबनी
Maharajganj,महाराजगंज
Mahnar Bazar,Mahnar बाजार
Makhdumpur,मखदुमपुर
Maner,मनेर
Manihari,मनिहारी
Marhaura,Marhaura
Masaurhi,मसौर्ही
Mirganj,Mirganj
Mokameh,Mokameh
Motihari,मोतिहारी
Motipur,मोतीपुर
Munger,मुंगेर
Murliganj,मुरलीगंज
Muzaffarpur,मुजफ्फरपुर
Narkatiaganj,नरकटियागंज
Naugachhia,Naugachhia
Nawada,नवादा
Nokha,नोखा
Patna,पटना
Piro,पिरो
Purnia,पूर्णिया
Rafiganj,रफीगंज
Rajgir,राजगीर
Ramnagar,रामनगर
Raxaul Bazar,रक्सौल बाजार
Revelganj,Revelganj
Rosera,Rosera
Saharsa,सहरसा
Samastipur,समस्तीपुर
Sasaram,सासाराम
Sheikhpura,शेखपुरा
Sheohar,शिवहर
Sherghati,Sherghati
Silao,सिलाओ
Sitamarhi,सीतामढ़ी
Siwan,सिवान
Sonepur,सोनेपुर
Sugauli,सुगौली
Sultanganj,सुल्तानगंज
Supaul,सुपौल
Warisaliganj,Warisaliganj
Ahiwara,Ahiwara
Akaltara,Akaltara
Ambagarh Chowki,Ambagarh चौकी
Ambikapur,अंबिकापुर
Arang,Arang
Bade Bacheli,बड़े बचेली
Balod,बालोद
Baloda Bazar,बलोदा बाजार
Bemetra,बेमेतरा
Bhatapara,भाटापारा
Bilaspur,बिलासपुर
Birgaon,Birgaon
Champa,चंपा
Chirmiri,चिरमिरी
Dalli-Rajhara,डल्ली-राजहरा
Dhamtari,धमतरी
Dipka,Dipka
Dongargarh,डोंगरगढ़
Durg-Bhilai Nagar,दुर्ग-भिलाई नगर
Gobranawapara,Gobranawapara
Jagdalpur,जगदलपुर
Janjgir,जांजगीर
Jashpurnagar,जशपुर
Kanker,कांकेर
Kawardha,कवर्धा
Kondagaon,Kondagaon
Korba,कोरबा
Mahasamund,महासमुंद
Mahendragarh,महेंद्रगढ़
Mungeli,मुंगेली
Naila Janjgir,Naila जांजगीर
Raigarh,रायगढ़
Raipur,रायपुर
Rajnandgaon,राजनंदगांव
Sakti,Sakti
Tilda Newra,टिल्डा Newra
Amli,अमली
Silvassa,सिल्वासा
Daman and Diu,दमन और दीव
Daman and Diu,दमन और दीव
Asola,Asola
Delhi,दिल्ली
Aldona,Aldona
Curchorem Cacora,Curchorem Cacora
Madgaon,मडगांव
Mapusa,मापुसा
Margao,मार्गो
Marmagao,मर्मागाओ
Panaji,पणजी
Ahmedabad,अहमदाबाद
Amreli,अमरेली
Anand,आनंद
Ankleshwar,अंकलेश्वर
Bharuch,भरूच
Bhavnagar,भावनगर
Bhuj,भुज
Cambay,खंभात
Dahod,दाहोद
Deesa,Deesa
Dharampur,धरमपुर
Dholka,ढोलका
Gandhinagar,गांधीनगर
Godhra,गोधरा
Himatnagar,हिम्मतनगर
Idar,Idar
Jamnagar,जामनगर
Junagadh,जूनागढ़
Kadi,कादी
Kalavad,Kalavad
Kalol,कलोल
Kapadvanj,Kapadvanj
Karjan,कर्जन
Keshod,केशोद
Khambhalia,Khambhalia
Khambhat,खंभात
Kheda,खेड़ा
Khedbrahma,Khedbrahma
Kheralu,Kheralu
Kodinar,Kodinar
Lathi,लाठी
Limbdi,लिम्बडी
Lunawada,Lunawada
Mahesana,महेसाणा
Mahuva,महुवा
Manavadar,Manavadar
Mandvi,मांडवी
Mangrol,मंगरोल
Mansa,Mansa
Mehmedabad,Mehmedabad
Modasa,मोडासा
Morvi,मोरवी
Nadiad,नाडियाड
Navsari,नवसारी
Padra,Padra
Palanpur,पालनपुर
Palitana,पालिताना
Pardi,पारदी
Patan,पाटन
Petlad,Petlad
Porbandar,पोरबंदर
Radhanpur,राधनपुर
Rajkot,राजकोट
Rajpipla,राजपिपला
Rajula,राजुला
Ranavav,Ranavav
Rapar,रपार
Salaya,सलाया
Sanand,साणंद
Savarkundla,सावरकुंडला
Sidhpur,सिद्धपुर
Sihor,सीहोर
Songadh,सोनगढ़
Surat,सूरत
Talaja,Talaja
Thangadh,Thangadh
Tharad,Tharad
Umbergaon,Umbergaon
Umreth,Umreth
Una,ऊना
Unjha,उंझा
Upleta,Upleta
Vadnagar,वडनगर
Vadodara,वडोदरा
Valsad,वलसाड
Vapi,वापी
Vapi,वापी
Veraval,वेरावल
Vijapur,विजापुर
Viramgam,वीरमगाम
Visnagar,विसनगर
Vyara,व्यारा
Wadhwan,वधावन
Wankaner,वांकानेर
Adalaj,Adalaj
Adityana,Adityana
Alang,अलंग
Ambaji,अम्बाजी
Ambaliyasan,Ambaliyasan
Andada,Andada
Anjar,अंजार
Anklav,Anklav
Antaliya,Antaliya
Arambhada,Arambhada
Atul,अतुल
Ballabhgarh,बल्लभगढ़
Ambala,अंबाला
Ambala,अंबाला
Asankhurd,Asankhurd
Assandh,असंध
Ateli,अटेली
Babiyal,Babiyal
Bahadurgarh,बहादुरगढ़
Barwala,बरवाला
Bhiwani,भिवानी
Charkhi Dadri,चरखी दादरी
Cheeka,Cheeka
Ellenabad 2,ऐलनाबाद 2
Faridabad,फरीदाबाद
Fatehabad,फतेहाबाद
Ganaur,गनौर
Gharaunda,घरौंदा
Gohana,गोहाना
Gurgaon,गुडगाँव
Haibat(Yamuna Nagar),Haibat (यमुना नगर)
Hansi,हांसी
Hisar,हिसार
Hodal,होडल
Jhajjar,झज्जर
Jind,जींद
Kaithal,कैथल
Kalan Wali,कलान वली
Kalka,कालका
Karnal,करनाल
Ladwa,लाडवा
Mahendragarh,महेंद्रगढ़
Mandi Dabwali,मंडी डबवाली
Narnaul,नारनौल
Narwana,नरवाना
Palwal,पलवल
Panchkula,पंचकुला
Panipat,पानीपत
Pehowa,पेहोवा
Pinjore,पिंजौर
Rania,रनिया
Ratia,रतिया
Rewari,रेवाड़ी
Rohtak,रोहतक
Safidon,सफीदों
Samalkha,समालखा
Shahbad,शाहबाद
Sirsa,सिरसा
Sohna,सोहना
Sonipat,सोनीपत
Taraori,Taraori
Thanesar,थानेसर
Tohana,टोहाना
Yamunanagar,यमुनानगर
Arki,अर्की
Baddi,बद्दी
Bilaspur,बिलासपुर
Chamba,चंबा
Dalhousie,डलहौजी
Dharamsala,धर्मशाला
Hamirpur,हमीरपुर
Mandi,मंडी
Nahan,नाहन
Shimla,शिमला
Solan,एक प्रकार का हंस
Sundarnagar,Sundarnagar
Jammu,जम्मू
Achabbal,Achabbal
Akhnoor,अखनूर
Anantnag,अनंतनाग
Arnia,अरनिया
Awantipora,अवंतिपुरा
Bandipore,बांदीपुरा
Baramula,बारामुला
Kathua,कठुआ
Leh,लेह
Punch,पंच
Rajauri,राजौरी
Sopore,सोपोर
Srinagar,श्रीनगर
Udhampur,उधमपुर
Amlabad,Amlabad
Ara,आरा
Barughutu,Barughutu
Bokaro Steel City,बोकारो स्टील सिटी
Chaibasa,चाईबासा
Chakradharpur,चक्रधरपुर
Chandrapura,चंद्रपुर
Chatra,चतरा
Chirkunda,Chirkunda
Churi,Churi
Daltonganj,डाल्टनगंज
Deoghar,देवघर
Dhanbad,धनबाद
Dumka,दुमका
Garhwa,गढ़वा
Ghatshila,घाटशिला
Giridih,गिरिडीह
Godda,गोड्डा
Gomoh,गोमो
Gumia,Gumia
Gumla,गुमला
Hazaribag,हजारीबाग
Hussainabad,हुसैनाबाद
Jamshedpur,जमशेदपुर
Jamtara,जामताड़ा
Jhumri Tilaiya,झुमरी तिलैया
Khunti,खूंटी
Lohardaga,लोहरदगा
Madhupur,मधुपुर
Mihijam,Mihijam
Musabani,Musabani
Pakaur,Pakaur
Patratu,पतरातू
Phusro,फुसरो
Ramngarh,Ramngarh
Ranchi,रांची
Sahibganj,साहिबगंज
Saunda,सौंदा
Simdega,सिमडेगा
Tenu Dam-cum- Kathhara,Tenu बांध-सह-Kathhara
Arasikere,Arasikere
Bangalore,बैंगलोर
Belgaum,बेलगाम
Bellary,बेल्लारी
Chamrajnagar,Chamrajnagar
Chikkaballapur,चिकबलपुर
Chintamani,चिंतामणि
Chitradurga,चित्रदुर्ग
Gulbarga,गुलबर्गा
Gundlupet,गुंदलुपेट
Hassan,हसन
Hospet,होसपेट
Hubli,हुबली
Karkala,करकला
Karwar,कारवार
Kolar,कोलार
Kota,कोटा
Lakshmeshwar,लक्ष्मेश्वर
Lingsugur,Lingsugur
Maddur,Maddur
Madhugiri,मधुगिरी
Madikeri,Madikeri
Magadi,मगदी
Mahalingpur,Mahalingpur
Malavalli,Malavalli
Malur,मलुर
Mandya,मंड्या
Mangalore,मंगलौर
Manvi,Manvi
Mudalgi,Mudalgi
Mudbidri,Mudbidri
Muddebihal,Muddebihal
Mudhol,मुधोल
Mulbagal,मुल्बगल
Mundargi,Mundargi
Mysore,मैसूर
Nanjangud,नंजनगुड
Pavagada,पवागडा
Puttur,पुत्तूर
Rabkavi Banhatti,रबकवि Banhatti
Raichur,रायचुर
Ramanagaram,रामनगरम
Ramdurg,Ramdurg
Ranibennur,Ranibennur
Robertson Pet,रॉबर्टसन पालतू पशु
Ron,रॉन
Sadalgi,Sadalgi
Sagar,सागर
Sakleshpur,सक्लेश्पुर
Sandur,संदूर
Sankeshwar,Sankeshwar
Saundatti-Yellamma,सौंदत्ती-Yellamma
Savanur,सवनूर
Sedam,Sedam
Shahabad,शाहाबाद
Shahpur,शाहपुर
Shiggaon,Shiggaon
Shikapur,Shikapur
Shimoga,शिमोगा
Shorapur,Shorapur
Shrirangapattana,Shrirangapattana
Sidlaghatta,Sidlaghatta
Sindgi,Sindgi
Sindhnur,Sindhnur
Sira,सिरा
Sirsi,सिरसी
Siruguppa,Siruguppa
Srinivaspur,Srinivaspur
Talikota,Talikota
Tarikere,तरिकेर
Tekkalakota,Tekkalakota
Terdal,Terdal
Tiptur,तिप्तूर
Tumkur,तुमकुर
Udupi,उडुपी
Vijayapura,Vijayapura
Wadi,वाडी
Yadgir,यादगीर
Adoor,एक दरवाजा
Akathiyoor,Akathiyoor
Alappuzha,अलपुझा
Ancharakandy,Ancharakandy
Aroor,अरूर
Ashtamichira,Ashtamichira
Attingal,Attingal
Avinissery,Avinissery
Chalakudy,चलाकुडी
Changanassery,चंगनशेरी
Chendamangalam,चेंदामंगलम
Chengannur,Chengannur
Cherthala,Cherthala
Cheruthazham,Cheruthazham
Chittur-Thathamangalam,चित्तूर-Thathamangalam
Chockli,Chockli
Erattupetta,Erattupetta
Guruvayoor,गुरुवायुर
Irinjalakuda,Irinjalakuda
Kadirur,Kadirur
Kalliasseri,Kalliasseri
Kalpetta,कलपेट्टा
Kanhangad,Kanhangad
Kanjikkuzhi,Kanjikkuzhi
Kannur,कन्नूर
Kasaragod,कासरगोड
Kayamkulam,कायमकुलम
Kochi,कोच्चि
Kodungallur,कोडुन्गल्लुर
Kollam,कोल्लम
Koothuparamba,Koothuparamba
Kothamangalam,कोठामंगलम
Kottayam,कोट्टायम
Kozhikode,कोझिकोड
Kunnamkulam,कुन्नम्कुलम
Malappuram,मलप्पुरम
Mattannur,Mattannur
Mavelikkara,मवेलिक्कारा
Mavoor,Mavoor
Muvattupuzha,मुवात्तुपूजा
Nedumangad,नेदुमनगड
Neyyattinkara,Neyyattinkara
Ottappalam,ओट्टापलम
Palai,Palai
Palakkad,पलक्कड़
Panniyannur,Panniyannur
Pappinisseri,Pappinisseri
Paravoor,Paravoor
Pathanamthitta,पथानामथिट्टा
Payyannur,Payyannur
Peringathur,Peringathur
Perinthalmanna,पेरिन्तल्मन्न
Perumbavoor,Perumbavoor
Ponnani,पोन्नानी
Punalur,Punalur
Quilandy,Quilandy
Shoranur,शोरानूर
Taliparamba,Taliparamba
Thiruvalla,तिरुवल्ला
Thiruvananthapuram,तिरुवनंतपुरम
Thodupuzha,Thodupuzha
Thrissur,त्रिशूर
Tirur,तिरूर
Vadakara,vadakara
Vaikom,वाईकॉम
Varkala,वर्कला
Kavaratti,Kavaratti
Ashok Nagar,अशोक नगर
Balaghat,बालाघाट
Betul,बेतुल
Bhopal,भोपाल
Burhanpur,बुरहानपुर
Chhatarpur,छतरपुर
Dabra,डबरा
Datia,दतिया
Dewas,देवास
Dhar,धार
Fatehabad,फतेहाबाद
Gwalior,ग्वालियर
Indore,इंदौर
Itarsi,इटारसी
Jabalpur,जबलपुर
Katni,कटनी
Kotma,कोतमा
Lahar,lahar
Lundi,लुंडी
Maharajpur,महाराजपुर
Mahidpur,महिदपुर
Maihar,मैहर
Malajkhand,Malajkhand
Manasa,मनसा
Manawar,मनावर
Mandideep,मंडीदीप
Mandla,मंडला
Mandsaur,मन्दसौर
Mauganj,Mauganj
Mhow Cantonment,महू छावनी
Mhowgaon,Mhowgaon
Morena,मुरैना
Multai,मुल्ताई
Murwara,Murwara
Nagda,नागदा
Nainpur,नैनपुर
Narsinghgarh,नरसिंहगढ़
Narsinghgarh,नरसिंहगढ़
Neemuch,नीमच
Nepanagar,नेपानगर
Niwari,निवारी
Nowgong,नौगांव
Nowrozabad,Nowrozabad
Pachore,Pachore
Pali,पाली
Panagar,Panagar
Pandhurna,पंधुरना
Panna,पन्ना
Pasan,Pasan
Pipariya,पिपरिया
Pithampur,पीथमपुर
Porsa,Porsa
Prithvipur,पृथ्वीपुर
Raghogarh-Vijaypur,राघोगढ़-विजयपुर
Rahatgarh,राहतगढ़
Raisen,रायसेन
Rajgarh,राजगढ़
Ratlam,रतलाम
Rau,राव
Rehli,Rehli
Rewa,रीवा
Sabalgarh,सबलगढ़
Sagar,सागर
Sanawad,सनावद
Sarangpur,सारंगपुर
Sarni,सारनी
Satna,सतना
Sausar,सौसर
Sehore,सीहोर
Sendhwa,सेंधवा
Seoni,सिवनी
Seoni-Malwa,सिवनी-मालवा
Shahdol,शाहडोल
Shajapur,शाजापुर
Shamgarh,शामगढ़
Sheopur,श्योपुर
Shivpuri,शिवपुरी
Shujalpur,शुजालपुर
Sidhi,सीधी
Sihora,सिहोरा
Singrauli,सिंगरौली
Sironj,सिरोंज
Sohagpur,सोहागपुर
Tarana,तराना
Tikamgarh,टीकमगढ़
Ujhani,उझानी
Ujjain,उज्जैन
Umaria,उमरिया
Vidisha,विदिशा
Wara Seoni,Wara सिवनी
Ahmednagar,अहमदनगर
Akola,अकोला
Amravati,अमरावती
Aurangabad,औरंगाबाद
Baramati,बारामती
Chalisgaon,Chalisgaon
Chinchani,Chinchani
Devgarh,देवगढ़
Dhule,धुले
Dombivli,डोंबिवली
Durgapur,दुर्गापुर
Ichalkaranji,इचलकरंजी
Jalna,जलना
Kalyan,कल्याण
Latur,लातूर
Loha,लोहा
Lonar,लोनार
Lonavla,लोनावला
Mahad,महाड
Mahuli,Mahuli
Malegaon,मालेगांव
Malkapur,मल्कापुर
Manchar,Manchar
Mangalvedhe,Mangalvedhe
Mangrulpir,Mangrulpir
Manjlegaon,Manjlegaon
Manmad,मनमाड
Manwath,Manwath
Mehkar,Mehkar
Mhaswad,Mhaswad
Miraj,मिराज
Morshi,Morshi
Mukhed,Mukhed
Mul,एमयूएल
Mumbai,मुंबई
Murtijapur,Murtijapur
Nagpur,नागपुर
Nalasopara,नालासोपारा
Nanded-Waghala,नांदेड़-Waghala
Nandgaon,नंदगाँव
Nandura,Nandura
Nandurbar,नंदुरबार
Narkhed,Narkhed
Nashik,नासिक
Navi Mumbai,नवी मुंबई
Nawapur,Nawapur
Nilanga,Nilanga
Osmanabad,उस्मानाबाद
Ozar,Ozar
Pachora,पचोरा
Paithan,पैठण
Palghar,Palghar
Pandharkaoda,Pandharkaoda
Pandharpur,पंढरपुर
Panvel,पनवेल
Parbhani,परभनी
Parli,परली
Parola,परोला
Partur,Partur
Pathardi,Pathardi
Pathri,पथरी
Patur,Patur
Pauni,Pauni
Pen,कलम
Phaltan,फलटन
Pulgaon,पुलगांव
Pune,पुणे
Purna,पूर्णा
Pusad,Pusad
Rahuri,राहुरी
Rajura,Rajura
Ramtek,रामटेक
Ratnagiri,रत्नागिरि
Raver,रावेर
Risod,रिसोद
Sailu,Sailu
Sangamner,संगमनेर
Sangli,सांगली
Sangole,Sangole
Sasvad,Sasvad
Satana,Satana
Satara,सतारा
Savner,Savner
Sawantwadi,सावंतवाडी
Shahade,Shahade
Shegaon,शेगाव
Shendurjana,Shendurjana
Shirdi,शिरडी
Shirpur-Warwade,एगी-Warwade
Shirur,शिरुर
Shrigonda,श्रीगोंदा
Shrirampur,श्रीरामपुर
Sillod,सिल्लोड
Sinnar,सिन्नर
Solapur,सोलापुर
Soyagaon,Soyagaon
Talegaon Dabhade,Talegaon Dabhade
Talode,Talode
Tasgaon,tasgaon
Tirora,Tirora
Tuljapur,तुलजापुर
Tumsar,तुमसर
Uran,उरान
Uran Islampur,उरान इस्लामपुर
Wadgaon Road,वडगांव रोड
Wai,वाई
Wani,वाणी
Wardha,वर्धा
Warora,वरोरा
Warud,Warud
Washim,वाशिम
Yevla,Yevla
Uchgaon,Uchgaon
Udgir,उदगीर
Umarga,Umarga
Umarkhed,Umarkhed
Umred,Umred
Vadgaon Kasba,Vadgaon कस्बा
Vaijapur,वैजापुर
Vasai,वसई
Virar,विरार
Vita,संक्षिप्त आत्मकथा
Yavatmal,यवतमाल
Yawal,यावल
Imphal,इंफाल
Kakching,Kakching
Lilong,लिलोंग
Mayang Imphal,Mayang इंफाल
Thoubal,थौबल
Jowai,जोवाई
Nongstoin,Nongstoin
Shillong,शिलांग
Tura,तुरा
Aizawl,आइजोल
Champhai,चम्फाई
Lunglei,लुंगलेई
Saiha,सैहा
Dimapur,दीमापुर
Kohima,कोहिमा
Mokokchung,मोकोकचुंग
Tuensang,तुएनसांग
Wokha,वोखा
Zunheboto,Zunheboto
Anandapur,आनंदपुर
Anugul,Anugul
Asika,Asika
Balangir,बलांगीर
Balasore,बालासोर
Baleshwar,बालेश्वर
Bamra,Bamra
Barbil,बारबिल
Bargarh,बारगढ़
Bargarh,बारगढ़
Baripada,बारीपदा
Basudebpur,Basudebpur
Belpahar,बेलपहाड़
Bhadrak,भद्रक
Bhawanipatna,भवानीपटना
Bhuban,भुबन
Bhubaneswar,भुवनेश्वर
Biramitrapur,Biramitrapur
Brahmapur,ब्रह्मपुर
Brajrajnagar,Brajrajnagar
Byasanagar,Byasanagar
Cuttack,कटक
Debagarh,Debagarh
Dhenkanal,ढेंकनाल
Gunupur,गुनुपुर
Hinjilicut,Hinjilicut
Jagatsinghapur,Jagatsinghapur
Jajapur,Jajapur
Jaleswar,जलेश्वर
Jatani,Jatani
Jeypur,Jeypur
Jharsuguda,झारसुगुडा
Joda,Joda
Kantabanji,Kantabanji
Karanjia,करंजिया
Kendrapara,केंद्रपाड़ा
Kendujhar,केंदुझार
Khordha,Khordha
Koraput,कोरापुट
Malkangiri,मल्कानगिरी
Nabarangapur,Nabarangapur
Paradip,पारादीप
Parlakhemundi,Parlakhemundi
Pattamundai,Pattamundai
Phulabani,Phulabani
Puri,पुरी
Rairangpur,Rairangpur
Rajagangapur,Rajagangapur
Raurkela,राउरकेला
Rayagada,रायगढ़
Sambalpur,संबलपुर
Soro,सोरो
Sunabeda,Sunabeda
Sundargarh,सुंदरगढ़
Talcher,तालचेर
Titlagarh,टिटलागढ़
Umarkote,Umarkote
Karaikal,कराईकल
Mahe,माहे
Pondicherry,पांडिचेरी
Yanam,यानम
Ahmedgarh,अहमदगढ़
Amritsar,अमृतसर
Barnala,बरनाला
Batala,बटाला
Bathinda,बठिंडा
Bhagha Purana,Bhagha पुराण
Budhlada,Budhlada
Chandigarh,चंडीगढ़
Dasua,Dasua
Dhuri,धुरी
Dinanagar,Dinanagar
Faridkot,फरीदकोट
Fazilka,फाजिल्का
Firozpur,फिरोजपुर
Firozpur Cantt.,फिरोजपुर कैंट।
Giddarbaha,गिद्दड़बाहा
Gobindgarh,गोबिंदगढ़
Gurdaspur,गुरदासपुर
Hoshiarpur,होशियारपुर
Jagraon,जगराओं
Jaitu,Jaitu
Jalalabad,जलालाबाद
Jalandhar,जालंधर
Jalandhar Cantt.,जालंधर कैंट।
Jandiala,Jandiala
Kapurthala,कपूरथला
Karoran,Karoran
Kartarpur,करतारपुर
Khanna,खन्ना
Kharar,खरड़
Kot Kapura,कोट कपूर
Kurali,कुराली
Longowal,लोंगोवाल
Ludhiana,लुधियाना
Malerkotla,मलेरकोटला
Malout,मलोट
Mansa,Mansa
Maur,मौर
Moga,मोगा
Mohali,मोहाली
Morinda,मोरिंडा
Mukerian,मुकेरियां
Muktsar,मुक्तसर
Nabha,नाभा
Nakodar,नकोदर
Nangal,नांगल
Nawanshahr,नवांशहर
Pathankot,पठानकोट
Patiala,पटियाला
Patran,Patran
Patti,पट्टी
Phagwara,फगवाड़ा
Phillaur,फिल्लौर
Qadian,क़दियन
Raikot,रायकोट
Rajpura,राजपुरा
Rampura Phul,रामपुरा फूल
Rupnagar,रूपनगर
Samana,समाना
Sangrur,Sangrur
Sirhind Fatehgarh Sahib,सरहिंद फतेहगढ़ साहिब
Sujanpur,सुजानपुर
Sunam,सुनाम
Talwara,तलवाड़ा
Tarn Taran,तरन तारन
Urmar Tanda,Urmar टांडा
Zira,ज़ीरा
Zirakpur,जीरकपुर
Bali,बाली
Banswara,बांसवाड़ा
Ajmer,अजमेर
Alwar,अलवर
Bandikui,बांदीकुई
Baran,बरन
Barmer,बाड़मेर
Bikaner,बीकानेर
Fatehpur,फतेहपुर
Jaipur,जयपुर
Jaisalmer,जैसलमेर
Jodhpur,जोधपुर
Kota,कोटा
Lachhmangarh,Lachhmangarh
Ladnu,लाडनूं
Lakheri,लखेरी
Lalsot,लालसोट
Losal,लोसल
Makrana,मकराना
Malpura,मालपुरा
Mandalgarh,Mandalgarh
Mandawa,मंडावा
Mangrol,मंगरोल
Merta City,मेर्टा सिटी
Mount Abu,माउंट आबू
Nadbai,Nadbai
Nagar,नगर
Nagaur,नागौर
Nargund,Nargund
Nasirabad,नसीराबाद
Nathdwara,नाथद्वारा
Navalgund,Navalgund
Nawalgarh,नवलगढ़
Neem-Ka-Thana,नीमकाथाना
Nelamangala,Nelamangala
Nimbahera,निंबाहेङा
Nipani,निपानी
Niwai,निवाई
Nohar,नोहर
Nokha,नोखा
Pali,पाली
Phalodi,फलौदी
Phulera,फुलेरा
Pilani,पिलानी
Pilibanga,Pilibanga
Pindwara,Pindwara
Pipar City,Pipar शहर
Prantij,Prantij
Pratapgarh,प्रतापगढ़
Raisinghnagar,रायसिंह नगर
Rajakhera,Rajakhera
Rajaldesar,Rajaldesar
Rajgarh (Alwar),राजगढ़ (अलवर)
Rajgarh (Churu,राजगढ़ (चुरू
Rajsamand,राजसमंद
Ramganj Mandi,रामगंज मंडी
Ramngarh,Ramngarh
Ratangarh,रतनगढ़
Rawatbhata,रावतभाटा
Rawatsar,Rawatsar
Reengus,रींगस
Sadri,सादरी
Sadulshahar,Sadulshahar
Sagwara,Sagwara
Sambhar,सांभर
Sanchore,सांचोर
Sangaria,Sangaria
Sardarshahar,सरदार शहर
Sawai Madhopur,सवाई माधोपुर
Shahpura,शाहपुरा
Shahpura,शाहपुरा
Sheoganj,Sheoganj
Sikar,सीकर
Sirohi,सिरोही
Sojat,सोजत
Sri Madhopur,श्री माधोपुर
Sujangarh,सुजानगढ़
Sumerpur,सुमेरपुर
Suratgarh,सूरतगढ़
Taranagar,तारानगर
Todabhim,Todabhim
Todaraisingh,टोडारायसिंह
Tonk,टोंक
Udaipur,उदयपुर
Udaipurwati,उदयपुरवाटी
Vijainagar,Vijainagar
Gangtok,गंगटोक
Calcutta,कलकत्ता
Arakkonam,अराकोणम
Arcot,अर्काट
Aruppukkottai,Aruppukkottai
Bhavani,भवानी
Chengalpattu,चेंगलपट्टू
Chennai,चेन्नई
Chinna salem,चिन्ना सलेम
Coimbatore,कोयंबटूर
Coonoor,कुन्नूर
Cuddalore,कुड्डालोर
Dharmapuri,धर्मपुरी
Dindigul,डिंडीगुल
Erode,खत्म
Gudalur,Gudalur
Gudalur,Gudalur
Gudalur,Gudalur
Kanchipuram,कांचीपुरम
Karaikudi,कराइकुडी
Karungal,Karungal
Karur,करूर
Kollankodu,कोल्लान्कोदु
Lalgudi,लालगुडी
Madurai,मदुरै
Nagapattinam,नागपट्टिनम
Nagercoil,नागरकोइल
Namagiripettai,Namagiripettai
Namakkal,नमक्कल
Nandivaram-Guduvancheri,Nandivaram-Guduvancheri
Nanjikottai,Nanjikottai
Natham,Natham
Nellikuppam,Nellikuppam
Neyveli,नेवेली
O\ Valley,हे \ घाटी
Oddanchatram,Oddanchatram
P.N.Patti,P.N.Patti
Pacode,Pacode
Padmanabhapuram,पद्मनाभपुरम
Palani,पलानी
Palladam,पल्लादम
Pallapatti,Pallapatti
Pallikonda,Pallikonda
Panagudi,Panagudi
Panruti,Panruti
Paramakudi,परमाकुदी
Parangipettai,Parangipettai
Pattukkottai,पत्तुकोत्तई
Perambalur,पेरम्बलुर
Peravurani,Peravurani
Periyakulam,पेरियाकुलम
Periyasemur,Periyasemur
Pernampattu,Pernampattu
Pollachi,पोलाची
Polur,Polur
Ponneri,Ponneri
Pudukkottai,पुदुक्कोट्टई
Pudupattinam,Pudupattinam
Puliyankudi,Puliyankudi
Punjaipugalur,Punjaipugalur
Rajapalayam,राजपालयम
Ramanathapuram,रामनाथपुरम
Rameshwaram,रामेश्वरम
Rasipuram,Rasipuram
Salem,सलेम
Sankarankoil,संकरनकोइल
Sankari,Sankari
Sathyamangalam,सत्यमंगलम
Sattur,सत्तूर
Shenkottai,Shenkottai
Sholavandan,शोलावंदन
Sholingur,Sholingur
Sirkali,Sirkali
Sivaganga,शिवगंगा
Sivagiri,शिवगिरी
Sivakasi,शिवकाशी
Srivilliputhur,श्रीविल्लीपुतुर
Surandai,Surandai
Suriyampalayam,Suriyampalayam
Tenkasi,तेनकासी
Thammampatti,Thammampatti
Thanjavur,तंजावुर
Tharamangalam,Tharamangalam
Tharangambadi,Tharangambadi
Theni Allinagaram,थेनी Allinagaram
Thirumangalam,तिरूमंगलम
Thirunindravur,Thirunindravur
Thiruparappu,Thiruparappu
Thirupuvanam,Thirupuvanam
Thiruthuraipoondi,Thiruthuraipoondi
Thiruvallur,तिरुवल्लुर
Thiruvarur,थिरुवरुर
Thoothukudi,Thoothukudi
Thuraiyur,Thuraiyur
Tindivanam,टिंडीवनम
Tiruchendur,तिरुचेन्डुर
Tiruchengode,तिरुचेंगोडे
Tiruchirappalli,तिरुचिरापल्ली
Tirukalukundram,Tirukalukundram
Tirukkoyilur,Tirukkoyilur
Tirunelveli,तिरुनेलवेली
Tirupathur,Tirupathur
Tirupathur,Tirupathur
Tiruppur,तिरुपूर
Tiruttani,तिरुत्तानी
Tiruvannamalai,तिरुवन्नामलाई
Tiruvethipuram,Tiruvethipuram
Tittakudi,Tittakudi
Udhagamandalam,Udhagamandalam
Udumalaipettai,उदुमलाईपट्टी
Unnamalaikadai,Unnamalaikadai
Usilampatti,Usilampatti
Uthamapalayam,Uthamapalayam
Uthiramerur,Uthiramerur
Vadakkuvalliyur,Vadakkuvalliyur
Vadalur,Vadalur
Vadipatti,Vadipatti
Valparai,वालपराई
Vandavasi,Vandavasi
Vaniyambadi,वानियमबाडी
Vedaranyam,Vedaranyam
Vellakoil,Vellakoil
Vellore,वेल्लोर
Vikramasingapuram,Vikramasingapuram
Viluppuram,विलुप्पुरम
Virudhachalam,Virudhachalam
Virudhunagar,विरुधुनगर
Viswanatham,Viswanatham
Agartala,अगरतला
Badharghat,Badharghat
Dharmanagar,धर्मनगर
Indranagar,Indranagar
Jogendranagar,Jogendranagar
Kailasahar,Kailasahar
Khowai,खोवाई
Pratapgarh,प्रतापगढ़
Udaipur,उदयपुर
Achhnera,अछनेरा
Adari,Adari
Agra,आगरा
Aligarh,अलीगढ़
Allahabad,इलाहाबाद
Amroha,अमरोहा
Azamgarh,आजमगढ़
Bahraich,बहराइच
Ballia,बलिया
Balrampur,बलरामपुर
Banda,बाँदा
Bareilly,बरेली
Chandausi,चंदौसी
Dadri,दादरी
Deoria,देवरिया
Etawah,इटावा
Fatehabad,फतेहाबाद
Fatehpur,फतेहपुर
Fatehpur,फतेहपुर
Greater Noida,ग्रेटर नोएडा
Hamirpur,हमीरपुर
Hardoi,हरदोई
Jajmau,Jajmau
Jaunpur,जौनपुर
Jhansi,झांसी
Kalpi,कालपी
Kanpur,कानपुर
Kota,कोटा
Laharpur,लहरपुर
Lakhimpur,लखीमपुर
Lal Gopalganj Nindaura,लाल गोपालगंज Nindaura
Lalganj,लालगंज
Lalitpur,Lalitpur
Lar,Lar
Loni,लोनी
Lucknow,लखनऊ
Mathura,मथुरा
Meerut,मेरठ
Modinagar,मोदीनगर
Muradnagar,मुरादनगर
Nagina,नगीना
Najibabad,नजीबाबाद
Nakur,Nakur
Nanpara,नानपारा
Naraura,नरौरा
Naugawan Sadat,Naugawan सादात
Nautanwa,नौतनवा
Nawabganj,नवाबगंज
Nehtaur,Nehtaur
NOIDA,नोएडा
Noorpur,Noorpur
Obra,obra
Orai,उरई
Padrauna,पडरौना
Palia Kalan,पलिया कलान
Parasi,Parasi
Phulpur,फूलपुर
Pihani,Pihani
Pilibhit,पीलीभीत
Pilkhuwa,Pilkhuwa
Powayan,Powayan
Pukhrayan,पुखरायाँ
Puranpur,Puranpur
Purquazi,Purquazi
Purwa,पूर्वा
Rae Bareli,रायबरेली
Rampur,रामपुर
Rampur Maniharan,रामपुर Maniharan
Rasra,Rasra
Rath,अधिक तत्पर
Renukoot,रेणुकूट
Reoti,रेवती
Robertsganj,रोबेर्त्स्गंज
Rudauli,रुदौली
Rudrapur,रुद्रपुर
Sadabad,Sadabad
Safipur,Safipur
Saharanpur,सहारनपुर
Sahaspur,सहसपुर
Sahaswan,Sahaswan
Sahawar,सहावर
Sahjanwa,Sahjanwa
"Saidpur, Ghazipur","सईदपुर, गाजीपुर"
Sambhal,संभल
Samdhan,Samdhan
Samthar,समथर
Sandi,Sandi
Sandila,संडीला
Sardhana,सरधना
Seohara,Seohara
"Shahabad, Hardoi","शाहाबाद, हरदोई"
"Shahabad, Rampur","शाहाबाद, रामपुर"
Shahganj,शाहगंज
Shahjahanpur,शाहजहांपुर
Shamli,शामली
"Shamsabad, Agra","Shamsabad, आगरा"
"Shamsabad, Farrukhabad","Shamsabad, फर्रुखाबाद"
Sherkot,शेरकोट
"Shikarpur, Bulandshahr","शिकारपुर, बुलंदशहर"
Shikohabad,शिकोहाबाद
Shishgarh,Shishgarh
Siana,Siana
Sikanderpur,सिकंदरपुर
Sikandra Rao,सिकंदरा राव
Sikandrabad,सिकंदराबाद
Sirsaganj,Sirsaganj
Sirsi,सिरसी
Sitapur,सीतापुर
Soron,Soron
Suar,Suar
Sultanpur,सुल्तानपुर
Sumerpur,सुमेरपुर
Tanda,टांडा
Tanda,टांडा
Tetri Bazar,तेतरी बाजार
Thakurdwara,ठाकुरद्वारा
Thana Bhawan,थाना भवन
Tilhar,तिलहर
Tirwaganj,Tirwaganj
Tulsipur,तुलसीपुर
Tundla,टुंडला
Unnao,उन्नाव
Utraula,उतरौला
Varanasi,वाराणसी
Vrindavan,वृंदावन
Warhapur,Warhapur
Zaidpur,Zaidpur
Zamania,Zamania
Almora,अल्मोड़ा
Bazpur,Bazpur
Chamba,चंबा
Dehradun,देहरादून
Haldwani,Haldwani
Haridwar,हरिद्वार
Jaspur,जसपुर
Kashipur,काशीपुर
kichha,किच्छा
Kotdwara,कोटद्वार
Manglaur,मंगलौर
Mussoorie,मसूरी
Nagla,नगला
Nainital,नैनीताल
Pauri,पौड़ी
Pithoragarh,पिथोरागढ़
Ramnagar,रामनगर
Rishikesh,ऋषिकेश
Roorkee,रुड़की
Rudrapur,रुद्रपुर
Sitarganj,सितारगंज
Tehri,टिहरी
Muzaffarnagar,मुजफ्फरनगर
Adra,आद्रा
Alipurduar,अलीपुरद्वार
Arambagh,आरामबाग
Asansol,आसनसोल
Baharampur,बरहाम्पुर
Bally,बेअदबी से
Balurghat,बेलूरघाट
Bankura,बांकुड़ा
Barakar,बराकर
Barasat,बारासात
Bardhaman,बर्धमान
Bidhan Nagar,बिधान नगर
Chinsura,Chinsurah
Contai,contai
Cooch Behar,कूचबिहार
Darjeeling,दार्जिलिंग
Durgapur,दुर्गापुर
Haldia,हल्दिया
Howrah,हावड़ा
Islampur,इस्लामपुर
Jhargram,झारग्राम
Kharagpur,खड़गपुर
Kolkata,कोलकाता
Mainaguri,Mainaguri
Mal,मल
Mathabhanga,Mathabhanga
Medinipur,मेदिनीपुर
Memari,Memari
Monoharpur,Monoharpur
Murshidabad,मुर्शिदाबाद
Nabadwip,नवद्वीप
Naihati,नैहाटी
Panchla,पंचला
Pandua,Pandua
Paschim Punropara,पश्चिम Punropara
Purulia,पुरुलिया
Raghunathpur,रघुनाथपुर
Raiganj,रायगंज
Rampurhat,रामपुरहाट
Ranaghat,रानाघाट
Sainthia,सैंथिया
Santipur,शांतिपुर
Siliguri,सिलीगुड़ी
Sonamukhi,सोनामुखी
Srirampore,Srirampore
Suri,सूरी
Taki,टाकी
Tamluk,तामलुक
Tarakeswar,तारकेश्वर
Chikmagalur,चिकमंगलूर
Davanagere,दावनगेरे
Dharwad,धारवाड़
Gadag,गदग
Chennai,चेन्नई
Coimbatore,कोयंबटूर
